{
    "sectorPosition": {
        "x": 0,
        "y": 0
    },
    "regionPosition": {
        "x": -1,
        "y": -1
    },
    "worldPosition": {
        "x": -10,
        "y": -10
    },
    "noiseMap": {
        "array1D": [
            0.4704870581626892,
            0.43318843841552737,
            0.40716657042503359,
            0.3934594988822937,
            0.39005404710769656,
            0.3868016302585602,
            0.3746272921562195,
            0.35964804887771609,
            0.3677147924900055,
            0.37653279304504397,
            0.4987223744392395,
            0.46340233087539675,
            0.4206741750240326,
            0.38471534848213198,
            0.37671881914138796,
            0.3751271665096283,
            0.3707672357559204,
            0.35946768522262576,
            0.36743122339248659,
            0.38056305050849917,
            0.5190737247467041,
            0.49569639563560488,
            0.4472186267375946,
            0.38996368646621706,
            0.35862231254577639,
            0.347414493560791,
            0.34926095604896548,
            0.35413694381713869,
            0.36900708079338076,
            0.38757047057151797,
            0.534216046333313,
            0.5162445306777954,
            0.4653324782848358,
            0.39865168929100039,
            0.35047951340675356,
            0.32600948214530947,
            0.3293871283531189,
            0.35113823413848879,
            0.37147602438926699,
            0.3895336985588074,
            0.5606366991996765,
            0.5295943021774292,
            0.4751203954219818,
            0.4153458774089813,
            0.3692827522754669,
            0.33230939507484438,
            0.32255008816719057,
            0.3401121199131012,
            0.35797277092933657,
            0.3696417212486267,
            0.5916576981544495,
            0.5509195327758789,
            0.4940864145755768,
            0.4388069808483124,
            0.39622774720191958,
            0.3532678782939911,
            0.324724406003952,
            0.31776803731918337,
            0.3252260386943817,
            0.3307417035102844,
            0.6003788113594055,
            0.5556667447090149,
            0.5039940476417542,
            0.4558820128440857,
            0.4145384728908539,
            0.36897793412208559,
            0.33154571056365969,
            0.30921661853790285,
            0.30308735370635989,
            0.29930830001831057,
            0.5730653405189514,
            0.5335215330123901,
            0.49999669194221499,
            0.4691374897956848,
            0.42641955614089968,
            0.376451313495636,
            0.34391826391220095,
            0.32832929491996767,
            0.3088110685348511,
            0.2947387993335724,
            0.556966245174408,
            0.5334387421607971,
            0.5114998817443848,
            0.4858229160308838,
            0.43991416692733767,
            0.3920491337776184,
            0.3641496002674103,
            0.34946390986442568,
            0.31967291235923769,
            0.29933908581733706,
            0.5617015361785889,
            0.5560957193374634,
            0.5389367938041687,
            0.5077913999557495,
            0.4584454894065857,
            0.4189394414424896,
            0.3910958170890808,
            0.3644988536834717,
            0.32872241735458376,
            0.30863717198371889
        ],
        "arrayWidth": 10,
        "arrayHeight": 10
    }
}