{
    "sectorPosition": {
        "x": 0,
        "y": 0
    },
    "regionPosition": {
        "x": -1,
        "y": 0
    },
    "worldPosition": {
        "x": -10,
        "y": 0
    },
    "noiseMap": {
        "array1D": [
            0.5005863904953003,
            0.46023792028427126,
            0.41991421580314639,
            0.3869028687477112,
            0.3799248933792114,
            0.38087618350982668,
            0.3708229064941406,
            0.3535352945327759,
            0.35256603360176089,
            0.3472024202346802,
            0.5153540968894959,
            0.4698790907859802,
            0.42853954434394839,
            0.3896115720272064,
            0.3744722306728363,
            0.37418657541275027,
            0.37805843353271487,
            0.374671995639801,
            0.3685905337333679,
            0.3654444217681885,
            0.5097858309745789,
            0.47153300046920779,
            0.431109756231308,
            0.3919849097728729,
            0.3772592544555664,
            0.37861695885658266,
            0.38919416069984438,
            0.3861182630062103,
            0.37219440937042239,
            0.3728233873844147,
            0.4869173765182495,
            0.4502180516719818,
            0.41110697388648989,
            0.3827516734600067,
            0.3824772536754608,
            0.3875225782394409,
            0.39073261618614199,
            0.37381285429000857,
            0.35708120465278628,
            0.3592245876789093,
            0.4718904495239258,
            0.4345555007457733,
            0.40139204263687136,
            0.3873319923877716,
            0.3898700773715973,
            0.38606852293014529,
            0.3686540126800537,
            0.3414238393306732,
            0.3331526815891266,
            0.339861124753952,
            0.45776647329330447,
            0.41876915097236636,
            0.3911774754524231,
            0.38197964429855349,
            0.37258389592170718,
            0.3562232553958893,
            0.3322586417198181,
            0.32211798429489138,
            0.3297479450702667,
            0.33443334698677065,
            0.43648335337638857,
            0.39584022760391238,
            0.3682364225387573,
            0.3581106960773468,
            0.3463786840438843,
            0.3302519917488098,
            0.3158005475997925,
            0.32284125685691836,
            0.334451824426651,
            0.330329954624176,
            0.437004029750824,
            0.3976697623729706,
            0.37424951791763308,
            0.3557869493961334,
            0.3314083516597748,
            0.3179660439491272,
            0.31413576006889346,
            0.3303762972354889,
            0.3429138958454132,
            0.3397185802459717,
            0.4524286985397339,
            0.4160822629928589,
            0.39915385842323305,
            0.37825337052345278,
            0.34838831424713137,
            0.3393886685371399,
            0.33444103598594668,
            0.33774206042289736,
            0.34636467695236208,
            0.3517940640449524,
            0.4583418667316437,
            0.42456263303756716,
            0.4084520936012268,
            0.39428776502609255,
            0.37440741062164309,
            0.366891473531723,
            0.35714656114578249,
            0.3518492877483368,
            0.360899955034256,
            0.3683580458164215
        ],
        "arrayWidth": 10,
        "arrayHeight": 10
    }
}