{
    "sectorPosition": {
        "x": 0,
        "y": 0
    },
    "regionPosition": {
        "x": -1,
        "y": 1
    },
    "worldPosition": {
        "x": -10,
        "y": 10
    },
    "noiseMap": {
        "array1D": [
            0.479087769985199,
            0.46705952286720278,
            0.43368589878082278,
            0.3909204602241516,
            0.3676571249961853,
            0.3523266613483429,
            0.331937700510025,
            0.3134477138519287,
            0.3161611258983612,
            0.32346153259277346,
            0.49009910225868227,
            0.4598962366580963,
            0.42701026797294619,
            0.3897627890110016,
            0.3643661141395569,
            0.34021711349487307,
            0.3117958605289459,
            0.2885381877422333,
            0.2830491065979004,
            0.2881681025028229,
            0.49984121322631838,
            0.4625225067138672,
            0.43594226241111758,
            0.41332095861434939,
            0.3836911618709564,
            0.34215596318244936,
            0.304464727640152,
            0.2838454842567444,
            0.2687153220176697,
            0.2594856321811676,
            0.5032036304473877,
            0.4790031909942627,
            0.4570552706718445,
            0.44152548909187319,
            0.4116226136684418,
            0.3651556372642517,
            0.325790673494339,
            0.3069755733013153,
            0.28588753938674929,
            0.26490309834480288,
            0.5030987858772278,
            0.4896450936794281,
            0.4669601321220398,
            0.45260152220726015,
            0.42852574586868288,
            0.38791143894195559,
            0.35353708267211916,
            0.33548206090927126,
            0.3113284409046173,
            0.28298264741897585,
            0.5065590739250183,
            0.4896370768547058,
            0.4590817391872406,
            0.4436695873737335,
            0.43013444542884829,
            0.3975640535354614,
            0.3725712299346924,
            0.35778558254241946,
            0.32887881994247439,
            0.28603988885879519,
            0.5074922442436218,
            0.4808329641819,
            0.4439011812210083,
            0.4226838946342468,
            0.4092263877391815,
            0.3824504613876343,
            0.37027066946029665,
            0.36789509654045107,
            0.3409483730792999,
            0.2953159809112549,
            0.5006682276725769,
            0.4735482931137085,
            0.43514207005500796,
            0.40677955746650698,
            0.38735970854759219,
            0.36601966619491579,
            0.3632952570915222,
            0.371114581823349,
            0.3516528308391571,
            0.3159731924533844,
            0.49161848425865176,
            0.47220849990844729,
            0.43387144804000857,
            0.39488229155540469,
            0.3731648027896881,
            0.36567187309265139,
            0.36362189054489138,
            0.36182206869125368,
            0.35321515798568728,
            0.3354184329509735,
            0.4914914667606354,
            0.4653727114200592,
            0.42637619376182558,
            0.38862544298171999,
            0.37618881464004519,
            0.37805473804473879,
            0.36966171860694888,
            0.3527725636959076,
            0.3503867983818054,
            0.3423217236995697
        ],
        "arrayWidth": 10,
        "arrayHeight": 10
    }
}