{
    "sectorPosition": {
        "x": 0,
        "y": 0
    },
    "regionPosition": {
        "x": 0,
        "y": -1
    },
    "worldPosition": {
        "x": 0,
        "y": -10
    },
    "noiseMap": {
        "array1D": [
            0.49452000856399538,
            0.4883262813091278,
            0.48239395022392275,
            0.4827940762042999,
            0.5007464289665222,
            0.5074464082717896,
            0.49794095754623415,
            0.4852798581123352,
            0.48890748620033266,
            0.49236342310905459,
            0.5218669772148132,
            0.522222638130188,
            0.5184593796730042,
            0.517462968826294,
            0.5318322777748108,
            0.5423961281776428,
            0.5346518754959106,
            0.5236793160438538,
            0.5172293782234192,
            0.5127926468849182,
            0.5450648069381714,
            0.5640773177146912,
            0.5730863809585571,
            0.5723403096199036,
            0.5712165236473084,
            0.5690197944641113,
            0.5566229224205017,
            0.5419424772262573,
            0.5293524265289307,
            0.5211021304130554,
            0.558556079864502,
            0.5879574418067932,
            0.6112934350967407,
            0.6178496479988098,
            0.6079608798027039,
            0.5957039594650269,
            0.5815693140029907,
            0.5575100779533386,
            0.5364847779273987,
            0.5285680294036865,
            0.5812737941741943,
            0.5979219079017639,
            0.6289515495300293,
            0.6512186527252197,
            0.6456438899040222,
            0.6329085826873779,
            0.6232911348342896,
            0.5915496349334717,
            0.5638010501861572,
            0.5599507093429565,
            0.6192688345909119,
            0.6278184652328491,
            0.6598237752914429,
            0.688079297542572,
            0.6823741793632507,
            0.6680424213409424,
            0.660079836845398,
            0.6304704546928406,
            0.6036682724952698,
            0.5984655618667603,
            0.6482547521591187,
            0.6604382991790772,
            0.694441556930542,
            0.7212327122688294,
            0.7103279829025269,
            0.6937369108200073,
            0.6867877840995789,
            0.666300892829895,
            0.640204668045044,
            0.6230215430259705,
            0.6592402458190918,
            0.6772297620773315,
            0.7117788195610046,
            0.7330335378646851,
            0.724755585193634,
            0.7151431441307068,
            0.7102903127670288,
            0.6982820630073547,
            0.6626186966896057,
            0.621776819229126,
            0.6731279492378235,
            0.6849777102470398,
            0.7136188745498657,
            0.7321982383728027,
            0.7332404255867004,
            0.7326009273529053,
            0.7266853451728821,
            0.7083967924118042,
            0.6589526534080505,
            0.606386125087738,
            0.6976156830787659,
            0.7005494236946106,
            0.7206953167915344,
            0.7373523712158203,
            0.7454220056533814,
            0.7457400560379028,
            0.7319502830505371,
            0.7008106708526611,
            0.6450923681259155,
            0.5946063995361328
        ],
        "arrayWidth": 10,
        "arrayHeight": 10
    }
}