{
    "sectorPosition": {
        "x": 0,
        "y": 0
    },
    "regionPosition": {
        "x": 0,
        "y": 0
    },
    "worldPosition": {
        "x": 0,
        "y": 0
    },
    "noiseMap": {
        "array1D": [
            0.5126752257347107,
            0.4927937984466553,
            0.46416813135147097,
            0.4360656142234802,
            0.440024197101593,
            0.45770135521888735,
            0.4706132113933563,
            0.49532565474510195,
            0.5216643214225769,
            0.5194957256317139,
            0.5092563629150391,
            0.4965914189815521,
            0.46866732835769656,
            0.43697506189346316,
            0.4313805103302002,
            0.4548889994621277,
            0.4800742566585541,
            0.5046865940093994,
            0.5270357728004456,
            0.5320259928703308,
            0.518412172794342,
            0.49367836117744448,
            0.4549269378185272,
            0.420043408870697,
            0.4142376482486725,
            0.448018878698349,
            0.48102623224258425,
            0.4932820200920105,
            0.5016779899597168,
            0.513591468334198,
            0.5367112755775452,
            0.49962106347084048,
            0.4519261121749878,
            0.41344940662384035,
            0.4023435413837433,
            0.43159639835357668,
            0.4619705379009247,
            0.4712834358215332,
            0.47725561261177065,
            0.4893840551376343,
            0.5556173920631409,
            0.524346113204956,
            0.4758000075817108,
            0.4334995448589325,
            0.4138956069946289,
            0.43455320596694949,
            0.4606514573097229,
            0.46827661991119387,
            0.47205880284309389,
            0.4809495806694031,
            0.5588103532791138,
            0.5435351729393005,
            0.5007065534591675,
            0.4564535915851593,
            0.4294532537460327,
            0.44190460443496706,
            0.46379491686820986,
            0.4696788489818573,
            0.47071585059165957,
            0.47519585490226748,
            0.5512926578521729,
            0.5379642844200134,
            0.4974227845668793,
            0.4546942114830017,
            0.42479386925697329,
            0.4322691261768341,
            0.4510365426540375,
            0.4556291997432709,
            0.45514073967933657,
            0.45705685019493105,
            0.5405499339103699,
            0.5261683464050293,
            0.49476203322410586,
            0.46265968680381777,
            0.4369339644908905,
            0.4331687092781067,
            0.44145074486732485,
            0.44760841131210329,
            0.45745721459388735,
            0.46038728952407839,
            0.5193362236022949,
            0.5099550485610962,
            0.4945121109485626,
            0.47822535037994387,
            0.4666324853897095,
            0.45457231998443606,
            0.4493768811225891,
            0.45250511169433596,
            0.4724252223968506,
            0.4779973328113556,
            0.49495983123779299,
            0.49052155017852785,
            0.484012633562088,
            0.47839823365211489,
            0.4812277853488922,
            0.4744630753993988,
            0.4650166630744934,
            0.4589460492134094,
            0.4741242229938507,
            0.4813595712184906
        ],
        "arrayWidth": 10,
        "arrayHeight": 10
    }
}