{
    "sectorPosition": {
        "x": 0,
        "y": 0
    },
    "regionPosition": {
        "x": 0,
        "y": 1
    },
    "worldPosition": {
        "x": 0,
        "y": 10
    },
    "noiseMap": {
        "array1D": [
            0.6867290139198303,
            0.670061469078064,
            0.6600216031074524,
            0.6575323939323425,
            0.6550329327583313,
            0.6226282119750977,
            0.5670000314712524,
            0.5182745456695557,
            0.4938047528266907,
            0.47838443517684939,
            0.6248568892478943,
            0.6236341595649719,
            0.6261444687843323,
            0.6303016543388367,
            0.6333456635475159,
            0.6120564937591553,
            0.5692560076713562,
            0.5318076014518738,
            0.5151582360267639,
            0.5042141675949097,
            0.5851839780807495,
            0.5829996466636658,
            0.5861934423446655,
            0.5916524529457092,
            0.5976992249488831,
            0.5956685543060303,
            0.574044942855835,
            0.5399343967437744,
            0.5201802849769592,
            0.5180864930152893,
            0.5789114832878113,
            0.5718247294425964,
            0.5703331828117371,
            0.5701873302459717,
            0.5631164908409119,
            0.56137615442276,
            0.5520346760749817,
            0.5218339562416077,
            0.5025321245193481,
            0.5076456665992737,
            0.5765236616134644,
            0.5733001828193665,
            0.5688713192939758,
            0.5586482882499695,
            0.5327703356742859,
            0.5203552842140198,
            0.5148347616195679,
            0.49414104223251345,
            0.4844253361225128,
            0.4946410059928894,
            0.5599697828292847,
            0.5633934140205383,
            0.553017258644104,
            0.5318658947944641,
            0.5051712393760681,
            0.4931240379810333,
            0.4861568808555603,
            0.47438570857048037,
            0.478380024433136,
            0.4934714138507843,
            0.5534490346908569,
            0.55159991979599,
            0.5314663648605347,
            0.5044496059417725,
            0.49032148718833926,
            0.48941126465797427,
            0.4836589992046356,
            0.47344011068344118,
            0.48128530383110049,
            0.49847105145454409,
            0.5581442713737488,
            0.5423579216003418,
            0.5118303894996643,
            0.4821796715259552,
            0.4784734547138214,
            0.488389790058136,
            0.4877707362174988,
            0.47594261169433596,
            0.4793136715888977,
            0.4936235249042511,
            0.5438065528869629,
            0.5173267126083374,
            0.4822893440723419,
            0.45406508445739748,
            0.4677426815032959,
            0.48877644538879397,
            0.49005216360092165,
            0.480440616607666,
            0.48117801547050478,
            0.48575547337532046,
            0.5218222141265869,
            0.4975605905056,
            0.4661474823951721,
            0.43860894441604617,
            0.45139139890670779,
            0.47150683403015139,
            0.47733086347579958,
            0.4863456189632416,
            0.5002299547195435,
            0.4978325664997101
        ],
        "arrayWidth": 10,
        "arrayHeight": 10
    }
}