{
    "sectorPosition": {
        "x": 0,
        "y": 0
    },
    "regionPosition": {
        "x": 1,
        "y": -1
    },
    "worldPosition": {
        "x": 10,
        "y": -10
    },
    "noiseMap": {
        "array1D": [
            0.7331900596618652,
            0.7212937474250794,
            0.7124926447868347,
            0.7042846083641052,
            0.6966021060943604,
            0.6699588894844055,
            0.6179579496383667,
            0.5607163310050964,
            0.5224881768226624,
            0.5031021237373352,
            0.7466461658477783,
            0.7242265343666077,
            0.7144935131072998,
            0.7122077345848084,
            0.7113659381866455,
            0.6888161897659302,
            0.635806679725647,
            0.5786452889442444,
            0.5419703722000122,
            0.5253626108169556,
            0.7792399525642395,
            0.7438739538192749,
            0.7205352187156677,
            0.7147294282913208,
            0.7127994298934937,
            0.6874465346336365,
            0.6356765627861023,
            0.5834357142448425,
            0.5525133609771729,
            0.5409414172172546,
            0.799565315246582,
            0.7571431398391724,
            0.722522497177124,
            0.7060174345970154,
            0.6984623670578003,
            0.6792610883712769,
            0.6388311982154846,
            0.5938860774040222,
            0.5614808797836304,
            0.5503700375556946,
            0.7982729077339172,
            0.7603645920753479,
            0.7264412045478821,
            0.6959217190742493,
            0.6789577603340149,
            0.6756247282028198,
            0.6558918952941895,
            0.6222550272941589,
            0.5890872478485107,
            0.5766984224319458,
            0.8056342005729675,
            0.7684177160263062,
            0.7360840439796448,
            0.70274418592453,
            0.6799743175506592,
            0.6730847358703613,
            0.6599670052528381,
            0.6385535597801209,
            0.6218394041061401,
            0.6165494918823242,
            0.8028682470321655,
            0.766701877117157,
            0.7445133328437805,
            0.7204000949859619,
            0.6972511410713196,
            0.6761053800582886,
            0.6583537459373474,
            0.644919753074646,
            0.6472267508506775,
            0.6476511359214783,
            0.7737098932266235,
            0.7393003702163696,
            0.7359732389450073,
            0.7308142185211182,
            0.721828281879425,
            0.7028884291648865,
            0.6796047687530518,
            0.664727509021759,
            0.6703979969024658,
            0.6653948426246643,
            0.7523297667503357,
            0.7190921306610107,
            0.7191607356071472,
            0.7254199981689453,
            0.7351614236831665,
            0.7401696443557739,
            0.7239760756492615,
            0.7056591510772705,
            0.699964702129364,
            0.6855581402778626,
            0.7444097995758057,
            0.7127344608306885,
            0.7037642598152161,
            0.7149030566215515,
            0.7360244393348694,
            0.7582179307937622,
            0.7547021508216858,
            0.7409058213233948,
            0.728646993637085,
            0.7108865976333618
        ],
        "arrayWidth": 10,
        "arrayHeight": 10
    }
}