{
    "sectorPosition": {
        "x": 0,
        "y": 0
    },
    "regionPosition": {
        "x": 1,
        "y": 0
    },
    "worldPosition": {
        "x": 10,
        "y": 0
    },
    "noiseMap": {
        "array1D": [
            0.7051421999931336,
            0.667221188545227,
            0.6545858383178711,
            0.6541475653648377,
            0.6503666639328003,
            0.6351365447044373,
            0.6241610646247864,
            0.6188627481460571,
            0.6000041365623474,
            0.556338906288147,
            0.6982541680335999,
            0.6703391671180725,
            0.6639274954795837,
            0.6631286144256592,
            0.663472056388855,
            0.6598892211914063,
            0.6462759375572205,
            0.6256558299064636,
            0.5927209258079529,
            0.5481982231140137,
            0.6945328712463379,
            0.6765358448028565,
            0.6760082244873047,
            0.6739315390586853,
            0.673614501953125,
            0.6722798943519592,
            0.6531256437301636,
            0.6236393451690674,
            0.5930889248847961,
            0.5560632944107056,
            0.6943575739860535,
            0.6846151947975159,
            0.6949516534805298,
            0.6969763040542603,
            0.6945412755012512,
            0.6856318712234497,
            0.6614303588867188,
            0.6309148073196411,
            0.6066390872001648,
            0.5746944546699524,
            0.699607789516449,
            0.700968861579895,
            0.7119123935699463,
            0.7084872126579285,
            0.6991050243377686,
            0.6815258264541626,
            0.6537117958068848,
            0.6209509372711182,
            0.6017060875892639,
            0.5814505815505981,
            0.7060354351997376,
            0.7073050737380981,
            0.7008931040763855,
            0.6860191822052002,
            0.6784040927886963,
            0.6731588244438171,
            0.649047315120697,
            0.6092026829719544,
            0.581362783908844,
            0.5682605504989624,
            0.710078775882721,
            0.6995391845703125,
            0.6780686974525452,
            0.6583503484725952,
            0.6587543487548828,
            0.6705198884010315,
            0.6498070359230042,
            0.6039595007896423,
            0.5671488046646118,
            0.5546483397483826,
            0.7147535085678101,
            0.6928178668022156,
            0.658905565738678,
            0.6390507221221924,
            0.6488684415817261,
            0.6731875538825989,
            0.6524155735969544,
            0.6036093831062317,
            0.5636456608772278,
            0.5471655130386353,
            0.7218629121780396,
            0.6986951231956482,
            0.6673279404640198,
            0.6519628763198853,
            0.658559262752533,
            0.66590416431427,
            0.6341536641120911,
            0.5854321122169495,
            0.5506944060325623,
            0.5311558246612549,
            0.7304319143295288,
            0.7144967317581177,
            0.6928988695144653,
            0.6787444949150086,
            0.6739814281463623,
            0.6582092046737671,
            0.6142700910568237,
            0.5612856149673462,
            0.5254210829734802,
            0.5055038332939148
        ],
        "arrayWidth": 10,
        "arrayHeight": 10
    }
}