{
    "sectorPosition": {
        "x": 0,
        "y": 0
    },
    "regionPosition": {
        "x": 1,
        "y": 1
    },
    "worldPosition": {
        "x": 10,
        "y": 10
    },
    "noiseMap": {
        "array1D": [
            0.876928448677063,
            0.8483311533927918,
            0.8080565929412842,
            0.7805031538009644,
            0.7642993330955505,
            0.7544018626213074,
            0.7495549917221069,
            0.7408046126365662,
            0.7240896821022034,
            0.7041323184967041,
            0.8607486486434937,
            0.8257648348808289,
            0.772299587726593,
            0.7351602911949158,
            0.7165444493293762,
            0.7066102623939514,
            0.6943575143814087,
            0.6770062446594238,
            0.6550533771514893,
            0.6365351676940918,
            0.8453941345214844,
            0.8154288530349731,
            0.7608331441879273,
            0.7161198258399963,
            0.6956684589385986,
            0.6852566003799439,
            0.6597998142242432,
            0.6297067403793335,
            0.6057811379432678,
            0.5937188267707825,
            0.8413656949996948,
            0.8214635848999023,
            0.7713056802749634,
            0.7219191193580627,
            0.6904895901679993,
            0.6615235805511475,
            0.6223399639129639,
            0.5915808081626892,
            0.5842318534851074,
            0.5852386951446533,
            0.8321347832679749,
            0.8181005716323853,
            0.7750359177589417,
            0.7256743907928467,
            0.6812943816184998,
            0.6292450428009033,
            0.5829938650131226,
            0.559736430644989,
            0.5697174072265625,
            0.5799736380577087,
            0.802583634853363,
            0.7840444445610046,
            0.7553374171257019,
            0.7128983736038208,
            0.662706196308136,
            0.603110671043396,
            0.5629080533981323,
            0.5478000640869141,
            0.5554257035255432,
            0.5613637566566467,
            0.7710066437721252,
            0.7441893219947815,
            0.7169128656387329,
            0.6784924268722534,
            0.6370943188667297,
            0.5976694226264954,
            0.5713406801223755,
            0.5603954195976257,
            0.5592877864837647,
            0.5577502250671387,
            0.7518733143806458,
            0.7150238752365112,
            0.6789587140083313,
            0.6433448195457459,
            0.6144715547561646,
            0.5949416756629944,
            0.5800069570541382,
            0.5752145648002625,
            0.5769199132919312,
            0.5713675618171692,
            0.7339863777160645,
            0.6856082677841187,
            0.6451687216758728,
            0.6207165122032166,
            0.6041004657745361,
            0.588931679725647,
            0.5783815979957581,
            0.5814810991287231,
            0.5883787870407105,
            0.5724579095840454,
            0.7176221013069153,
            0.6705573201179504,
            0.6429177522659302,
            0.6331589818000794,
            0.6232916116714478,
            0.602699339389801,
            0.5911998152732849,
            0.5942325592041016,
            0.5927383303642273,
            0.5615137815475464
        ],
        "arrayWidth": 10,
        "arrayHeight": 10
    }
}