{
    "sectorPosition": {
        "x": 0,
        "y": 0
    },
    "regionPosition": {
        "x": 4,
        "y": 20
    },
    "worldPosition": {
        "x": 40,
        "y": 200
    },
    "noiseMap": {
        "array1D": [
            0.4538789987564087,
            0.45494121313095095,
            0.4597645699977875,
            0.45478659868240359,
            0.4559744894504547,
            0.4639134407043457,
            0.45281752943992617,
            0.41084054112434389,
            0.36234182119369509,
            0.323784738779068,
            0.440216600894928,
            0.44547179341316225,
            0.4512166678905487,
            0.4481252431869507,
            0.45232054591178896,
            0.46086904406547549,
            0.45343977212905886,
            0.41767558455467226,
            0.3706202507019043,
            0.32890745997428896,
            0.4413190484046936,
            0.43955549597740176,
            0.44400152564048769,
            0.4410116374492645,
            0.4458121955394745,
            0.45299232006073,
            0.4401862621307373,
            0.39690712094306948,
            0.348974347114563,
            0.31470218300819399,
            0.45219334959983828,
            0.45150861144065859,
            0.4541497230529785,
            0.44422605633735659,
            0.43853136897087099,
            0.43848347663879397,
            0.4172464609146118,
            0.36688432097435,
            0.32133883237838747,
            0.29694288969039919,
            0.45134955644607546,
            0.45015209913253786,
            0.4491491913795471,
            0.4434436857700348,
            0.4324936270713806,
            0.4128509759902954,
            0.3756468594074249,
            0.327090859413147,
            0.29137587547302248,
            0.28191205859184267,
            0.4501415193080902,
            0.4432924687862396,
            0.43619269132614138,
            0.43566349148750307,
            0.4201280176639557,
            0.3802848756313324,
            0.3356657922267914,
            0.3056018352508545,
            0.2856023609638214,
            0.2832363545894623,
            0.45916444063186648,
            0.44321849942207339,
            0.42913317680358889,
            0.4210187792778015,
            0.3944370448589325,
            0.3482736647129059,
            0.30888131260871889,
            0.29513755440711977,
            0.28721368312835696,
            0.2861432135105133,
            0.44372043013572695,
            0.423495352268219,
            0.41014450788497927,
            0.40035220980644228,
            0.3668806254863739,
            0.321372926235199,
            0.2925932705402374,
            0.29073086380958559,
            0.2860495150089264,
            0.2776225209236145,
            0.4042721688747406,
            0.3841482698917389,
            0.3763468861579895,
            0.37352079153060915,
            0.34284868836402895,
            0.3024372160434723,
            0.2827136814594269,
            0.28433123230934145,
            0.27668872475624087,
            0.26193857192993166,
            0.3819619417190552,
            0.3608328104019165,
            0.35314130783081057,
            0.35198327898979189,
            0.3253026306629181,
            0.29258111119270327,
            0.28242596983909609,
            0.2907864451408386,
            0.2853344678878784,
            0.26924484968185427
        ],
        "arrayWidth": 10,
        "arrayHeight": 10
    }
}