{
    "sectorPosition": {
        "x": 0,
        "y": 0
    },
    "regionPosition": {
        "x": 6,
        "y": 9
    },
    "worldPosition": {
        "x": 60,
        "y": 90
    },
    "noiseMap": {
        "array1D": [
            0.4014684855937958,
            0.40443944931030276,
            0.40356871485710146,
            0.4231500029563904,
            0.4598376452922821,
            0.49018386006355288,
            0.5082940459251404,
            0.5217186808586121,
            0.5321067571640015,
            0.5557382106781006,
            0.3713003695011139,
            0.36949974298477175,
            0.3799826502799988,
            0.4065009653568268,
            0.4385322630405426,
            0.46047908067703249,
            0.4822632670402527,
            0.5047479271888733,
            0.5180183053016663,
            0.5362380146980286,
            0.38111987709999087,
            0.36740168929100039,
            0.3673723638057709,
            0.3931427597999573,
            0.42351675033569338,
            0.439645916223526,
            0.45559632778167727,
            0.47680267691612246,
            0.4987013339996338,
            0.5199058055877686,
            0.41408616304397585,
            0.38934293389320376,
            0.36681824922561648,
            0.38230788707733157,
            0.40901628136634829,
            0.42656582593917849,
            0.4398597478866577,
            0.4589441120624542,
            0.48633864521980288,
            0.5059711337089539,
            0.4348439872264862,
            0.41603031754493716,
            0.3882051408290863,
            0.39111238718032839,
            0.4061388075351715,
            0.42293012142181399,
            0.4391903579235077,
            0.4571416676044464,
            0.47338762879371645,
            0.47807806730270388,
            0.44216758012771609,
            0.43314751982688906,
            0.41891786456108096,
            0.4194785952568054,
            0.4247503876686096,
            0.4308963418006897,
            0.4404703676700592,
            0.44786161184310915,
            0.4436641037464142,
            0.4354068338871002,
            0.45700928568840029,
            0.4518394470214844,
            0.4450794756412506,
            0.44296950101852419,
            0.4413670301437378,
            0.4410149157047272,
            0.4436382055282593,
            0.4384717643260956,
            0.4185906648635864,
            0.4077052175998688,
            0.4753550887107849,
            0.46791505813598635,
            0.45351848006248476,
            0.4409271776676178,
            0.4330436587333679,
            0.43861690163612368,
            0.44337692856788638,
            0.4302528500556946,
            0.40436309576034548,
            0.4051249623298645,
            0.4694455862045288,
            0.4609881341457367,
            0.4444028437137604,
            0.4267966151237488,
            0.41265469789505007,
            0.41627123951911929,
            0.42329680919647219,
            0.41256892681121828,
            0.3918994963169098,
            0.40218737721443179,
            0.45841890573501589,
            0.4484013617038727,
            0.4324949383735657,
            0.4154784083366394,
            0.4001903831958771,
            0.40050816535949709,
            0.40749186277389529,
            0.4011375308036804,
            0.3872019052505493,
            0.40199580788612368
        ],
        "arrayWidth": 10,
        "arrayHeight": 10
    }
}