{
    "voidPosition": {
        "x": 0,
        "y": 0
    },
    "normalizedVoidPositionOffset": {
        "x": 0.2262432724237442,
        "y": 0.3173253536224365
    }
}