{
    "voidPosition": {
        "x": 0,
        "y": 1
    },
    "normalizedVoidPositionOffset": {
        "x": 0.26802268624305727,
        "y": 0.05816119164228439
    }
}