{
    "voidPosition": {
        "x": 0,
        "y": 2
    },
    "normalizedVoidPositionOffset": {
        "x": -0.2939668595790863,
        "y": 0.058884795755147937
    }
}