{
    "voidPosition": {
        "x": 0,
        "y": 3
    },
    "normalizedVoidPositionOffset": {
        "x": 0.40602707862854006,
        "y": -0.057822126895189288
    }
}