{
    "voidPosition": {
        "x": 0,
        "y": 4
    },
    "normalizedVoidPositionOffset": {
        "x": 0.4775497615337372,
        "y": -0.22629554569721223
    }
}