{
    "voidPosition": {
        "x": 0,
        "y": 5
    },
    "normalizedVoidPositionOffset": {
        "x": -0.20809371769428254,
        "y": -0.0326852984726429
    }
}