{
    "voidPosition": {
        "x": 0,
        "y": 6
    },
    "normalizedVoidPositionOffset": {
        "x": 0.13265907764434815,
        "y": -0.03048812225461006
    }
}