{
    "voidPosition": {
        "x": 0,
        "y": 7
    },
    "normalizedVoidPositionOffset": {
        "x": 0.48215124011039736,
        "y": -0.469633013010025
    }
}