{
    "voidPosition": {
        "x": 0,
        "y": 8
    },
    "normalizedVoidPositionOffset": {
        "x": 0.36237016320228579,
        "y": 0.4953470826148987
    }
}