{
    "voidPosition": {
        "x": 0,
        "y": 9
    },
    "normalizedVoidPositionOffset": {
        "x": 0.1771811544895172,
        "y": -0.18540820479393006
    }
}