{
    "voidPosition": {
        "x": 1,
        "y": 0
    },
    "normalizedVoidPositionOffset": {
        "x": 0.3169079124927521,
        "y": 0.3480517864227295
    }
}