{
    "voidPosition": {
        "x": 1,
        "y": 1
    },
    "normalizedVoidPositionOffset": {
        "x": 0.4919021725654602,
        "y": -0.4673748016357422
    }
}