{
    "voidPosition": {
        "x": 1,
        "y": 2
    },
    "normalizedVoidPositionOffset": {
        "x": 0.1999419778585434,
        "y": 0.026284143328666688
    }
}