{
    "voidPosition": {
        "x": 1,
        "y": 3
    },
    "normalizedVoidPositionOffset": {
        "x": 0.43401867151260378,
        "y": 0.18762028217315675
    }
}