{
    "voidPosition": {
        "x": 1,
        "y": 4
    },
    "normalizedVoidPositionOffset": {
        "x": 0.046815432608127597,
        "y": -0.4188900589942932
    }
}