{
    "voidPosition": {
        "x": 1,
        "y": 5
    },
    "normalizedVoidPositionOffset": {
        "x": -0.3128754198551178,
        "y": -0.04667281359434128
    }
}