{
    "voidPosition": {
        "x": 1,
        "y": 6
    },
    "normalizedVoidPositionOffset": {
        "x": -0.20282813906669618,
        "y": 0.4885437786579132
    }
}