{
    "voidPosition": {
        "x": 1,
        "y": 7
    },
    "normalizedVoidPositionOffset": {
        "x": 0.14269746840000153,
        "y": 0.26296359300613406
    }
}