{
    "voidPosition": {
        "x": 1,
        "y": 8
    },
    "normalizedVoidPositionOffset": {
        "x": -0.4696057140827179,
        "y": -0.11899549514055252
    }
}