{
    "voidPosition": {
        "x": 1,
        "y": 9
    },
    "normalizedVoidPositionOffset": {
        "x": -0.1568581610918045,
        "y": 0.4574551582336426
    }
}