{
    "voidPosition": {
        "x": 2,
        "y": 0
    },
    "normalizedVoidPositionOffset": {
        "x": 0.0051292129792273048,
        "y": 0.21597251296043397
    }
}