{
    "voidPosition": {
        "x": 2,
        "y": 1
    },
    "normalizedVoidPositionOffset": {
        "x": -0.3810422718524933,
        "y": -0.22654852271080018
    }
}