{
    "voidPosition": {
        "x": 2,
        "y": 2
    },
    "normalizedVoidPositionOffset": {
        "x": 0.4070979356765747,
        "y": 0.2947655916213989
    }
}