{
    "voidPosition": {
        "x": 2,
        "y": 3
    },
    "normalizedVoidPositionOffset": {
        "x": -0.16283966600894929,
        "y": -0.0427912138402462
    }
}