{
    "voidPosition": {
        "x": 2,
        "y": 4
    },
    "normalizedVoidPositionOffset": {
        "x": -0.35317495465278628,
        "y": -0.2786852717399597
    }
}