{
    "voidPosition": {
        "x": 2,
        "y": 5
    },
    "normalizedVoidPositionOffset": {
        "x": -0.08992671966552735,
        "y": 0.21872682869434358
    }
}