{
    "voidPosition": {
        "x": 2,
        "y": 6
    },
    "normalizedVoidPositionOffset": {
        "x": 0.11983028054237366,
        "y": -0.012031947262585163
    }
}