{
    "voidPosition": {
        "x": 2,
        "y": 7
    },
    "normalizedVoidPositionOffset": {
        "x": -0.30508655309677126,
        "y": 0.3781915009021759
    }
}