{
    "voidPosition": {
        "x": 2,
        "y": 8
    },
    "normalizedVoidPositionOffset": {
        "x": 0.3254231810569763,
        "y": 0.23539748787879945
    }
}