{
    "voidPosition": {
        "x": 2,
        "y": 9
    },
    "normalizedVoidPositionOffset": {
        "x": 0.3582192063331604,
        "y": 0.1797490119934082
    }
}