{
    "voidPosition": {
        "x": 3,
        "y": 0
    },
    "normalizedVoidPositionOffset": {
        "x": 0.12486613541841507,
        "y": -0.2815932035446167
    }
}