{
    "voidPosition": {
        "x": 3,
        "y": 1
    },
    "normalizedVoidPositionOffset": {
        "x": 0.3953624367713928,
        "y": 0.396439790725708
    }
}