{
    "voidPosition": {
        "x": 3,
        "y": 2
    },
    "normalizedVoidPositionOffset": {
        "x": -0.4134201109409332,
        "y": 0.33857908844947817
    }
}