{
    "voidPosition": {
        "x": 3,
        "y": 3
    },
    "normalizedVoidPositionOffset": {
        "x": -0.3298571705818176,
        "y": 0.14411529898643495
    }
}