{
    "voidPosition": {
        "x": 3,
        "y": 4
    },
    "normalizedVoidPositionOffset": {
        "x": 0.3268144130706787,
        "y": -0.2808123230934143
    }
}