{
    "voidPosition": {
        "x": 3,
        "y": 5
    },
    "normalizedVoidPositionOffset": {
        "x": 0.49997270107269289,
        "y": -0.018634352833032609
    }
}