{
    "voidPosition": {
        "x": 3,
        "y": 6
    },
    "normalizedVoidPositionOffset": {
        "x": 0.15220524370670319,
        "y": 0.21972598135471345
    }
}