{
    "voidPosition": {
        "x": 3,
        "y": 7
    },
    "normalizedVoidPositionOffset": {
        "x": 0.3094625771045685,
        "y": -0.3990646004676819
    }
}