{
    "voidPosition": {
        "x": 3,
        "y": 8
    },
    "normalizedVoidPositionOffset": {
        "x": 0.22909405827522279,
        "y": 0.21845069527626038
    }
}