{
    "voidPosition": {
        "x": 3,
        "y": 9
    },
    "normalizedVoidPositionOffset": {
        "x": -0.3744727373123169,
        "y": 0.40517640113830569
    }
}