{
    "voidPosition": {
        "x": 4,
        "y": 0
    },
    "normalizedVoidPositionOffset": {
        "x": -0.31087619066238406,
        "y": -0.023190129548311235
    }
}