{
    "voidPosition": {
        "x": 4,
        "y": 1
    },
    "normalizedVoidPositionOffset": {
        "x": 0.04079524055123329,
        "y": -0.17449930310249329
    }
}