{
    "voidPosition": {
        "x": 4,
        "y": 2
    },
    "normalizedVoidPositionOffset": {
        "x": 0.17103667557239533,
        "y": -0.03160225972533226
    }
}