{
    "voidPosition": {
        "x": 4,
        "y": 3
    },
    "normalizedVoidPositionOffset": {
        "x": 0.33349689841270449,
        "y": 0.3092038035392761
    }
}