{
    "voidPosition": {
        "x": 4,
        "y": 4
    },
    "normalizedVoidPositionOffset": {
        "x": 0.29363033175468447,
        "y": 0.2645059823989868
    }
}