{
    "voidPosition": {
        "x": 4,
        "y": 5
    },
    "normalizedVoidPositionOffset": {
        "x": 0.4375404119491577,
        "y": -0.20500320196151734
    }
}