{
    "voidPosition": {
        "x": 4,
        "y": 6
    },
    "normalizedVoidPositionOffset": {
        "x": 0.02278529852628708,
        "y": 0.1633928269147873
    }
}