{
    "voidPosition": {
        "x": 4,
        "y": 7
    },
    "normalizedVoidPositionOffset": {
        "x": -0.1674109697341919,
        "y": -0.21327756345272065
    }
}