{
    "voidPosition": {
        "x": 4,
        "y": 8
    },
    "normalizedVoidPositionOffset": {
        "x": 0.32061007618904116,
        "y": -0.2774820625782013
    }
}