{
    "voidPosition": {
        "x": 4,
        "y": 9
    },
    "normalizedVoidPositionOffset": {
        "x": -0.31312841176986697,
        "y": -0.43148115277290347
    }
}