{
    "voidPosition": {
        "x": 5,
        "y": 0
    },
    "normalizedVoidPositionOffset": {
        "x": 0.12462276220321655,
        "y": 0.19304504990577699
    }
}