{
    "voidPosition": {
        "x": 5,
        "y": 1
    },
    "normalizedVoidPositionOffset": {
        "x": 0.13039438426494599,
        "y": 0.42763736844062807
    }
}