{
    "voidPosition": {
        "x": 5,
        "y": 2
    },
    "normalizedVoidPositionOffset": {
        "x": -0.2786579728126526,
        "y": 0.42870762944221499
    }
}