{
    "voidPosition": {
        "x": 5,
        "y": 3
    },
    "normalizedVoidPositionOffset": {
        "x": -0.4334784150123596,
        "y": 0.4001043140888214
    }
}