{
    "voidPosition": {
        "x": 5,
        "y": 4
    },
    "normalizedVoidPositionOffset": {
        "x": 0.17850546538829804,
        "y": -0.40602195262908938
    }
}