{
    "voidPosition": {
        "x": 5,
        "y": 5
    },
    "normalizedVoidPositionOffset": {
        "x": -0.3509025573730469,
        "y": -0.39302751421928408
    }
}