{
    "voidPosition": {
        "x": 5,
        "y": 6
    },
    "normalizedVoidPositionOffset": {
        "x": 0.10987024009227753,
        "y": 0.45304280519485476
    }
}