{
    "voidPosition": {
        "x": 5,
        "y": 7
    },
    "normalizedVoidPositionOffset": {
        "x": -0.009374791756272316,
        "y": -0.3519437313079834
    }
}