{
    "voidPosition": {
        "x": 5,
        "y": 8
    },
    "normalizedVoidPositionOffset": {
        "x": 0.1776115447282791,
        "y": 0.0698617473244667
    }
}