{
    "voidPosition": {
        "x": 5,
        "y": 9
    },
    "normalizedVoidPositionOffset": {
        "x": -0.2745968699455261,
        "y": 0.11818214505910874
    }
}