{
    "voidPosition": {
        "x": 6,
        "y": 0
    },
    "normalizedVoidPositionOffset": {
        "x": -0.4949178099632263,
        "y": -0.13906097412109376
    }
}