{
    "voidPosition": {
        "x": 6,
        "y": 1
    },
    "normalizedVoidPositionOffset": {
        "x": 0.3504849374294281,
        "y": -0.4376915693283081
    }
}