{
    "voidPosition": {
        "x": 6,
        "y": 2
    },
    "normalizedVoidPositionOffset": {
        "x": -0.21835273504257203,
        "y": 0.2049759030342102
    }
}