{
    "voidPosition": {
        "x": 6,
        "y": 3
    },
    "normalizedVoidPositionOffset": {
        "x": 0.45858034491539,
        "y": 0.4888124167919159
    }
}