{
    "voidPosition": {
        "x": 6,
        "y": 4
    },
    "normalizedVoidPositionOffset": {
        "x": -0.11286304891109467,
        "y": 0.02274015173316002
    }
}