{
    "voidPosition": {
        "x": 6,
        "y": 5
    },
    "normalizedVoidPositionOffset": {
        "x": -0.21967467665672303,
        "y": 0.006576128304004669
    }
}