{
    "voidPosition": {
        "x": 6,
        "y": 6
    },
    "normalizedVoidPositionOffset": {
        "x": 0.031579092144966128,
        "y": -0.44299161434173586
    }
}