{
    "voidPosition": {
        "x": 6,
        "y": 7
    },
    "normalizedVoidPositionOffset": {
        "x": -0.21944637596607209,
        "y": -0.00392124243080616
    }
}