{
    "voidPosition": {
        "x": 6,
        "y": 8
    },
    "normalizedVoidPositionOffset": {
        "x": 0.3464154899120331,
        "y": 0.11315786838531494
    }
}