{
    "voidPosition": {
        "x": 6,
        "y": 9
    },
    "normalizedVoidPositionOffset": {
        "x": -0.3958413600921631,
        "y": 0.24232903122901917
    }
}