{
    "voidPosition": {
        "x": 7,
        "y": 0
    },
    "normalizedVoidPositionOffset": {
        "x": -0.09812385588884354,
        "y": 0.43339261412620547
    }
}