{
    "voidPosition": {
        "x": 7,
        "y": 1
    },
    "normalizedVoidPositionOffset": {
        "x": -0.3693016469478607,
        "y": 0.199652299284935
    }
}