{
    "voidPosition": {
        "x": 7,
        "y": 2
    },
    "normalizedVoidPositionOffset": {
        "x": 0.11540855467319489,
        "y": 0.3305679261684418
    }
}