{
    "voidPosition": {
        "x": 7,
        "y": 3
    },
    "normalizedVoidPositionOffset": {
        "x": 0.18512655794620515,
        "y": 0.06974247843027115
    }
}