{
    "voidPosition": {
        "x": 7,
        "y": 4
    },
    "normalizedVoidPositionOffset": {
        "x": -0.32723236083984377,
        "y": -0.3154672384262085
    }
}