{
    "voidPosition": {
        "x": 7,
        "y": 5
    },
    "normalizedVoidPositionOffset": {
        "x": 0.10911088436841965,
        "y": -0.24925166368484498
    }
}