{
    "voidPosition": {
        "x": 7,
        "y": 6
    },
    "normalizedVoidPositionOffset": {
        "x": 0.49711480736732485,
        "y": 0.06868945807218552
    }
}