{
    "voidPosition": {
        "x": 7,
        "y": 7
    },
    "normalizedVoidPositionOffset": {
        "x": -0.4365633428096771,
        "y": -0.2363162636756897
    }
}