{
    "voidPosition": {
        "x": 7,
        "y": 8
    },
    "normalizedVoidPositionOffset": {
        "x": 0.3425600826740265,
        "y": 0.06808596104383469
    }
}