{
    "voidPosition": {
        "x": 7,
        "y": 9
    },
    "normalizedVoidPositionOffset": {
        "x": 0.14599011838436128,
        "y": 0.016366146504878999
    }
}