{
    "voidPosition": {
        "x": 8,
        "y": 0
    },
    "normalizedVoidPositionOffset": {
        "x": 0.47012728452682497,
        "y": -0.4222908020019531
    }
}