{
    "voidPosition": {
        "x": 8,
        "y": 1
    },
    "normalizedVoidPositionOffset": {
        "x": 0.012967346236109734,
        "y": -0.3442346751689911
    }
}