{
    "voidPosition": {
        "x": 8,
        "y": 2
    },
    "normalizedVoidPositionOffset": {
        "x": 0.31365272402763369,
        "y": 0.14252130687236787
    }
}