{
    "voidPosition": {
        "x": 8,
        "y": 3
    },
    "normalizedVoidPositionOffset": {
        "x": 0.07539340108633042,
        "y": 0.05286184325814247
    }
}