{
    "voidPosition": {
        "x": 8,
        "y": 4
    },
    "normalizedVoidPositionOffset": {
        "x": 0.17248918116092683,
        "y": 0.49454644322395327
    }
}