{
    "voidPosition": {
        "x": 8,
        "y": 5
    },
    "normalizedVoidPositionOffset": {
        "x": -0.19835922122001649,
        "y": -0.435546338558197
    }
}