{
    "voidPosition": {
        "x": 8,
        "y": 6
    },
    "normalizedVoidPositionOffset": {
        "x": -0.0342969074845314,
        "y": -0.016925904899835588
    }
}