{
    "voidPosition": {
        "x": 8,
        "y": 7
    },
    "normalizedVoidPositionOffset": {
        "x": -0.28369399905204775,
        "y": -0.4283103942871094
    }
}