{
    "voidPosition": {
        "x": 8,
        "y": 8
    },
    "normalizedVoidPositionOffset": {
        "x": -0.26975932717323305,
        "y": -0.3491673469543457
    }
}