{
    "voidPosition": {
        "x": 8,
        "y": 9
    },
    "normalizedVoidPositionOffset": {
        "x": -0.053100135177373889,
        "y": -0.0489206500351429
    }
}