{
    "voidPosition": {
        "x": 9,
        "y": 0
    },
    "normalizedVoidPositionOffset": {
        "x": -0.48015066981315615,
        "y": -0.11116213351488114
    }
}