{
    "voidPosition": {
        "x": 9,
        "y": 1
    },
    "normalizedVoidPositionOffset": {
        "x": 0.31604477763175967,
        "y": -0.29739582538604739
    }
}