{
    "voidPosition": {
        "x": 9,
        "y": 2
    },
    "normalizedVoidPositionOffset": {
        "x": 0.4136292636394501,
        "y": -0.47042301297187807
    }
}