{
    "voidPosition": {
        "x": 9,
        "y": 3
    },
    "normalizedVoidPositionOffset": {
        "x": 0.00946133490651846,
        "y": 0.4628896415233612
    }
}