{
    "voidPosition": {
        "x": 9,
        "y": 4
    },
    "normalizedVoidPositionOffset": {
        "x": 0.49357175827026369,
        "y": -0.4831300973892212
    }
}