{
    "voidPosition": {
        "x": 9,
        "y": 5
    },
    "normalizedVoidPositionOffset": {
        "x": 0.1535186618566513,
        "y": -0.2216704785823822
    }
}