{
    "voidPosition": {
        "x": 9,
        "y": 6
    },
    "normalizedVoidPositionOffset": {
        "x": 0.46716776490211489,
        "y": 0.08779250830411911
    }
}