{
    "voidPosition": {
        "x": 9,
        "y": 7
    },
    "normalizedVoidPositionOffset": {
        "x": 0.2722017467021942,
        "y": -0.17583304643630982
    }
}