{
    "voidPosition": {
        "x": 9,
        "y": 8
    },
    "normalizedVoidPositionOffset": {
        "x": -0.07957474142313004,
        "y": 0.47493302822113039
    }
}