{
    "voidPosition": {
        "x": 9,
        "y": 9
    },
    "normalizedVoidPositionOffset": {
        "x": 0.3859995901584625,
        "y": 0.472887247800827
    }
}